{
	"swagger": "2.0",
	"info": {
		"description": "API Endpoint Decoration",
		"version": "1.0.0",
		"title": "Polls QA project"
	},
	"host": "localhost:8080",
	"basePath": "/",
	"tags": [
		{
			"name": "auth-controller",
			"description": "Auth Controller"
		},
		{
			"name": "poll-controller",
			"description": "Poll Controller"
		},
		{
			"name": "user-controller",
			"description": "User Controller"
		}
	],
	"paths": {
		"/api/auth/signin": {
			"post": {
				"tags": [
					"auth-controller"
				],
				"summary": "authenticateUser",
				"operationId": "authenticateUserUsingPOST",
				"consumes": [
					"application/json"
				],
				"produces": [
					"*/*"
				],
				"parameters": [
					{
						"in": "body",
						"name": "loginRequest",
						"description": "loginRequest",
						"required": true,
						"schema": {
							"$ref": "#/definitions/LoginRequest"
						}
					}
				],
				"responses": {
					"200": {
						"description": "OK",
						"schema": {
							"type": "object"
						}
					},
					"201": {
						"description": "Created"
					},
					"401": {
						"description": "Unauthorized"
					},
					"403": {
						"description": "Forbidden"
					},
					"404": {
						"description": "Not Found"
					}
				}
			}
		},
		"/api/auth/signup": {
			"post": {
				"tags": [
					"auth-controller"
				],
				"summary": "registerUser",
				"operationId": "registerUserUsingPOST",
				"consumes": [
					"application/json"
				],
				"produces": [
					"*/*"
				],
				"parameters": [
					{
						"in": "body",
						"name": "signUpRequest",
						"description": "signUpRequest",
						"required": true,
						"schema": {
							"$ref": "#/definitions/SignUpRequest"
						}
					}
				],
				"responses": {
					"200": {
						"description": "OK",
						"schema": {
							"type": "object"
						}
					},
					"201": {
						"description": "Created"
					},
					"401": {
						"description": "Unauthorized"
					},
					"403": {
						"description": "Forbidden"
					},
					"404": {
						"description": "Not Found"
					}
				}
			}
		},
		"/api/polls": {
			"get": {
				"tags": [
					"poll-controller"
				],
				"summary": "getPolls",
				"operationId": "getPollsUsingGET",
				"produces": [
					"*/*"
				],
				"parameters": [
					{
						"name": "accountNonExpired",
						"in": "query",
						"required": false,
						"type": "boolean"
					},
					{
						"name": "accountNonLocked",
						"in": "query",
						"required": false,
						"type": "boolean"
					},
					{
						"name": "authorities[0].authority",
						"in": "query",
						"required": false,
						"type": "string"
					},
					{
						"name": "credentialsNonExpired",
						"in": "query",
						"required": false,
						"type": "boolean"
					},
					{
						"name": "enabled",
						"in": "query",
						"required": false,
						"type": "boolean"
					},
					{
						"name": "id",
						"in": "query",
						"required": false,
						"type": "integer",
						"format": "int64"
					},
					{
						"name": "name",
						"in": "query",
						"required": false,
						"type": "string"
					},
					{
						"name": "page",
						"in": "query",
						"description": "page",
						"required": false,
						"type": "integer",
						"default": 0,
						"format": "int32"
					},
					{
						"name": "password",
						"in": "query",
						"required": false,
						"type": "string"
					},
					{
						"name": "size",
						"in": "query",
						"description": "size",
						"required": false,
						"type": "integer",
						"default": 30,
						"format": "int32"
					},
					{
						"name": "username",
						"in": "query",
						"required": false,
						"type": "string"
					}
				],
				"responses": {
					"200": {
						"description": "OK",
						"schema": {
							"$ref": "#/definitions/PagedResponse«PollResponse»"
						}
					},
					"401": {
						"description": "Unauthorized"
					},
					"403": {
						"description": "Forbidden"
					},
					"404": {
						"description": "Not Found"
					}
				}
			},
			"post": {
				"tags": [
					"poll-controller"
				],
				"summary": "createPoll",
				"operationId": "createPollUsingPOST",
				"consumes": [
					"application/json"
				],
				"produces": [
					"*/*"
				],
				"parameters": [
					{
						"in": "body",
						"name": "pollRequest",
						"description": "pollRequest",
						"required": true,
						"schema": {
							"$ref": "#/definitions/PollRequest"
						}
					}
				],
				"responses": {
					"200": {
						"description": "OK",
						"schema": {
							"type": "object"
						}
					},
					"201": {
						"description": "Created"
					},
					"401": {
						"description": "Unauthorized"
					},
					"403": {
						"description": "Forbidden"
					},
					"404": {
						"description": "Not Found"
					}
				},
				"security": [
					{
						"JWT": [
							"global"
						]
					}
				]
			}
		},
		"/api/polls/{pollId}/status": {
			"get": {
				"tags": [
					"poll-controller"
				],
				"summary": "getPollById",
				"operationId": "getPollByIdUsingGET",
				"produces": [
					"*/*"
				],
				"parameters": [
					{
						"name": "accountNonExpired",
						"in": "query",
						"required": false,
						"type": "boolean"
					},
					{
						"name": "accountNonLocked",
						"in": "query",
						"required": false,
						"type": "boolean"
					},
					{
						"name": "authorities[0].authority",
						"in": "query",
						"required": false,
						"type": "string"
					},
					{
						"name": "credentialsNonExpired",
						"in": "query",
						"required": false,
						"type": "boolean"
					},
					{
						"name": "email",
						"in": "query",
						"required": false,
						"type": "string"
					},
					{
						"name": "enabled",
						"in": "query",
						"required": false,
						"type": "boolean"
					},
					{
						"name": "id",
						"in": "query",
						"required": false,
						"type": "integer",
						"format": "int64"
					},
					{
						"name": "name",
						"in": "query",
						"required": false,
						"type": "string"
					},
					{
						"name": "password",
						"in": "query",
						"required": false,
						"type": "string"
					},
					{
						"name": "pollId",
						"in": "path",
						"description": "pollId",
						"required": true,
						"type": "integer",
						"format": "int64"
					},
					{
						"name": "username",
						"in": "query",
						"required": false,
						"type": "string"
					}
				],
				"responses": {
					"200": {
						"description": "OK",
						"schema": {
							"$ref": "#/definitions/PollResponse"
						}
					},
					"401": {
						"description": "Unauthorized"
					},
					"403": {
						"description": "Forbidden"
					},
					"404": {
						"description": "Not Found"
					}
				}
			}
		},
		"/api/polls/{pollId}/votes": {
			"post": {
				"tags": [
					"poll-controller"
				],
				"summary": "castVote",
				"operationId": "castVoteUsingPOST",
				"consumes": [
					"application/json"
				],
				"produces": [
					"*/*"
				],
				"parameters": [
					{
						"name": "accountId",
						"in": "query",
						"required": false,
						"type": "string"
					},
					{
						"name": "accountNonExpired",
						"in": "query",
						"required": false,
						"type": "boolean"
					},
					{
						"name": "accountNonLocked",
						"in": "query",
						"required": false,
						"type": "boolean"
					},
					{
						"name": "authorities[0].authority",
						"in": "query",
						"required": false,
						"type": "string"
					},
					{
						"name": "credentialsNonExpired",
						"in": "query",
						"required": false,
						"type": "boolean"
					},
					{
						"name": "email",
						"in": "query",
						"required": false,
						"type": "string"
					},
					{
						"name": "enabled",
						"in": "query",
						"required": false,
						"type": "boolean"
					},
					{
						"name": "id",
						"in": "query",
						"required": false,
						"type": "integer",
						"format": "int64"
					},
					{
						"name": "name",
						"in": "query",
						"required": false,
						"type": "string"
					},
					{
						"name": "password",
						"in": "query",
						"required": false,
						"type": "string"
					},
					{
						"name": "pollId",
						"in": "path",
						"description": "pollId",
						"required": true,
						"type": "integer",
						"format": "int64"
					},
					{
						"name": "username",
						"in": "query",
						"required": false,
						"type": "string"
					},
					{
						"in": "body",
						"name": "voteRequest",
						"description": "voteRequest",
						"required": true,
						"schema": {
							"$ref": "#/definitions/VoteRequest"
						}
					}
				],
				"responses": {
					"200": {
						"description": "OK",
						"schema": {
							"$ref": "#/definitions/PollResponse"
						}
					},
					"201": {
						"description": "Created"
					},
					"401": {
						"description": "Unauthorized"
					},
					"403": {
						"description": "Forbidden"
					},
					"404": {
						"description": "Not Found"
					}
				}
			}
		},
		"/api/user/checkEmailAvailability": {
			"get": {
				"tags": [
					"user-controller"
				],
				"summary": "checkEmailAvailability",
				"operationId": "checkEmailAvailabilityUsingGET",
				"produces": [
					"*/*"
				],
				"parameters": [
					{
						"name": "email",
						"in": "query",
						"description": "email",
						"required": true,
						"type": "string"
					}
				],
				"responses": {
					"200": {
						"description": "OK",
						"schema": {
							"$ref": "#/definitions/UserIdentityAvailability"
						}
					},
					"401": {
						"description": "Unauthorized"
					},
					"403": {
						"description": "Forbidden"
					},
					"404": {
						"description": "Not Found"
					}
				}
			}
		},
		"/api/user/checkUsernameAvailability": {
			"get": {
				"tags": [
					"user-controller"
				],
				"summary": "checkUsernameAvailability",
				"operationId": "checkUsernameAvailabilityUsingGET",
				"produces": [
					"*/*"
				],
				"parameters": [
					{
						"name": "username",
						"in": "query",
						"description": "username",
						"required": true,
						"type": "string"
					}
				],
				"responses": {
					"200": {
						"description": "OK",
						"schema": {
							"$ref": "#/definitions/UserIdentityAvailability"
						}
					},
					"401": {
						"description": "Unauthorized"
					},
					"403": {
						"description": "Forbidden"
					},
					"404": {
						"description": "Not Found"
					}
				}
			}
		},
		"/api/user/me": {
			"get": {
				"tags": [
					"user-controller"
				],
				"summary": "getCurrentUser",
				"operationId": "getCurrentUserUsingGET",
				"produces": [
					"*/*"
				],
				"parameters": [
					{
						"name": "accountNonExpired",
						"in": "query",
						"required": false,
						"type": "boolean"
					},
					{
						"name": "accountNonLocked",
						"in": "query",
						"required": false,
						"type": "boolean"
					},
					{
						"name": "authorities[0].authority",
						"in": "query",
						"required": false,
						"type": "string"
					},
					{
						"name": "credentialsNonExpired",
						"in": "query",
						"required": false,
						"type": "boolean"
					},
					{
						"name": "email",
						"in": "query",
						"required": false,
						"type": "string"
					},
					{
						"name": "enabled",
						"in": "query",
						"required": false,
						"type": "boolean"
					},
					{
						"name": "id",
						"in": "query",
						"required": false,
						"type": "integer",
						"format": "int64"
					},
					{
						"name": "name",
						"in": "query",
						"required": false,
						"type": "string"
					},
					{
						"name": "password",
						"in": "query",
						"required": false,
						"type": "string"
					},
					{
						"name": "username",
						"in": "query",
						"required": false,
						"type": "string"
					}
				],
				"responses": {
					"200": {
						"description": "OK",
						"schema": {
							"$ref": "#/definitions/UserSummary"
						}
					},
					"401": {
						"description": "Unauthorized"
					},
					"403": {
						"description": "Forbidden"
					},
					"404": {
						"description": "Not Found"
					}
				}
			}
		},
		"/api/users/{username}": {
			"get": {
				"tags": [
					"user-controller"
				],
				"summary": "getUserProfile",
				"operationId": "getUserProfileUsingGET",
				"produces": [
					"*/*"
				],
				"parameters": [
					{
						"name": "username",
						"in": "path",
						"description": "username",
						"required": true,
						"type": "string"
					}
				],
				"responses": {
					"200": {
						"description": "OK",
						"schema": {
							"$ref": "#/definitions/UserProfile"
						}
					},
					"401": {
						"description": "Unauthorized"
					},
					"403": {
						"description": "Forbidden"
					},
					"404": {
						"description": "Not Found"
					}
				}
			}
		},
		"/api/users/{username}/polls": {
			"get": {
				"tags": [
					"user-controller"
				],
				"summary": "getPollsCreatedBy",
				"operationId": "getPollsCreatedByUsingGET",
				"produces": [
					"*/*"
				],
				"parameters": [
					{
						"name": "accountNonExpired",
						"in": "query",
						"required": false,
						"type": "boolean"
					},
					{
						"name": "accountNonLocked",
						"in": "query",
						"required": false,
						"type": "boolean"
					},
					{
						"name": "authorities[0].authority",
						"in": "query",
						"required": false,
						"type": "string"
					},
					{
						"name": "credentialsNonExpired",
						"in": "query",
						"required": false,
						"type": "boolean"
					},
					{
						"name": "email",
						"in": "query",
						"required": false,
						"type": "string"
					},
					{
						"name": "enabled",
						"in": "query",
						"required": false,
						"type": "boolean"
					},
					{
						"name": "id",
						"in": "query",
						"required": false,
						"type": "integer",
						"format": "int64"
					},
					{
						"name": "name",
						"in": "query",
						"required": false,
						"type": "string"
					},
					{
						"name": "page",
						"in": "query",
						"description": "page",
						"required": false,
						"type": "integer",
						"default": 0,
						"format": "int32"
					},
					{
						"name": "password",
						"in": "query",
						"required": false,
						"type": "string"
					},
					{
						"name": "size",
						"in": "query",
						"description": "size",
						"required": false,
						"type": "integer",
						"default": 30,
						"format": "int32"
					},
					{
						"name": "username",
						"in": "query",
						"description": "username",
						"required": true,
						"type": "string"
					}
				],
				"responses": {
					"200": {
						"description": "OK",
						"schema": {
							"$ref": "#/definitions/PagedResponse«PollResponse»"
						}
					},
					"401": {
						"description": "Unauthorized"
					},
					"403": {
						"description": "Forbidden"
					},
					"404": {
						"description": "Not Found"
					}
				}
			}
		},
		"/api/users/{username}/votes": {
			"get": {
				"tags": [
					"user-controller"
				],
				"summary": "getPollsVotedBy",
				"operationId": "getPollsVotedByUsingGET",
				"produces": [
					"*/*"
				],
				"parameters": [
					{
						"name": "accountNonExpired",
						"in": "query",
						"required": false,
						"type": "boolean"
					},
					{
						"name": "accountNonLocked",
						"in": "query",
						"required": false,
						"type": "boolean"
					},
					{
						"name": "authorities[0].authority",
						"in": "query",
						"required": false,
						"type": "string"
					},
					{
						"name": "credentialsNonExpired",
						"in": "query",
						"required": false,
						"type": "boolean"
					},
					{
						"name": "email",
						"in": "query",
						"required": false,
						"type": "string"
					},
					{
						"name": "enabled",
						"in": "query",
						"required": false,
						"type": "boolean"
					},
					{
						"name": "id",
						"in": "query",
						"required": false,
						"type": "integer",
						"format": "int64"
					},
					{
						"name": "name",
						"in": "query",
						"required": false,
						"type": "string"
					},
					{
						"name": "page",
						"in": "query",
						"description": "page",
						"required": false,
						"type": "integer",
						"default": 0,
						"format": "int32"
					},
					{
						"name": "password",
						"in": "query",
						"required": false,
						"type": "string"
					},
					{
						"name": "size",
						"in": "query",
						"description": "size",
						"required": false,
						"type": "integer",
						"default": 30,
						"format": "int32"
					},
					{
						"name": "username",
						"in": "query",
						"description": "username",
						"required": true,
						"type": "string"
					}
				],
				"responses": {
					"200": {
						"description": "OK",
						"schema": {
							"$ref": "#/definitions/PagedResponse«PollResponse»"
						}
					},
					"401": {
						"description": "Unauthorized"
					},
					"403": {
						"description": "Forbidden"
					},
					"404": {
						"description": "Not Found"
					}
				}
			}
		}
	},
	"definitions": {
		"ChoiceRequest": {
			"type": "object",
			"required": [
				"text"
			],
			"properties": {
				"text": {
					"type": "string",
					"minLength": 0,
					"maxLength": 40
				}
			},
			"title": "ChoiceRequest"
		},
		"ChoiceResponse": {
			"type": "object",
			"properties": {
				"id": {
					"type": "integer",
					"format": "int64"
				},
				"text": {
					"type": "string"
				},
				"voteCount": {
					"type": "integer",
					"format": "int64"
				}
			},
			"title": "ChoiceResponse"
		},
		"LoginRequest": {
			"type": "object",
			"required": [
				"password",
				"usernameOrEmail"
			],
			"properties": {
				"password": {
					"type": "string"
				},
				"usernameOrEmail": {
					"type": "string"
				}
			},
			"title": "LoginRequest"
		},
		"PagedResponse«PollResponse»": {
			"type": "object",
			"properties": {
				"content": {
					"type": "array",
					"items": {
						"$ref": "#/definitions/PollResponse"
					}
				},
				"last": {
					"type": "boolean"
				},
				"page": {
					"type": "integer",
					"format": "int32"
				},
				"size": {
					"type": "integer",
					"format": "int32"
				},
				"totalElements": {
					"type": "integer",
					"format": "int64"
				},
				"totalPages": {
					"type": "integer",
					"format": "int32"
				}
			},
			"title": "PagedResponse«PollResponse»"
		},
		"PollLength": {
			"type": "object",
			"required": [
				"days",
				"hours"
			],
			"properties": {
				"days": {
					"type": "integer",
					"format": "int32",
					"maximum": 7,
					"exclusiveMaximum": false
				},
				"hours": {
					"type": "integer",
					"format": "int32",
					"maximum": 23,
					"exclusiveMaximum": false
				}
			},
			"title": "PollLength"
		},
		"PollRequest": {
			"type": "object",
			"required": [
				"choices",
				"pollLength",
				"question"
			],
			"properties": {
				"choices": {
					"type": "array",
					"items": {
						"$ref": "#/definitions/ChoiceRequest"
					}
				},
				"pollLength": {
					"$ref": "#/definitions/PollLength"
				},
				"question": {
					"type": "string",
					"minLength": 0,
					"maxLength": 140
				}
			},
			"title": "PollRequest"
		},
		"PollResponse": {
			"type": "object",
			"properties": {
				"choices": {
					"type": "array",
					"items": {
						"$ref": "#/definitions/ChoiceResponse"
					}
				},
				"createdBy": {
					"$ref": "#/definitions/UserSummary"
				},
				"creationDateTime": {
					"type": "string",
					"format": "date-time"
				},
				"expirationDateTime": {
					"type": "string",
					"format": "date-time"
				},
				"expired": {
					"type": "boolean"
				},
				"id": {
					"type": "integer",
					"format": "int64"
				},
				"question": {
					"type": "string"
				},
				"selectedChoice": {
					"type": "integer",
					"format": "int64"
				},
				"totalVotes": {
					"type": "integer",
					"format": "int64"
				}
			},
			"title": "PollResponse"
		},
		"SignUpRequest": {
			"type": "object",
			"required": [
				"email",
				"name",
				"password",
				"username"
			],
			"properties": {
				"email": {
					"type": "string",
					"minLength": 0,
					"maxLength": 40
				},
				"name": {
					"type": "string",
					"minLength": 4,
					"maxLength": 40
				},
				"password": {
					"type": "string",
					"minLength": 6,
					"maxLength": 20
				},
				"username": {
					"type": "string",
					"minLength": 3,
					"maxLength": 15
				}
			},
			"title": "SignUpRequest"
		},
		"UserIdentityAvailability": {
			"type": "object",
			"properties": {
				"available": {
					"type": "boolean"
				}
			},
			"title": "UserIdentityAvailability"
		},
		"UserProfile": {
			"type": "object",
			"properties": {
				"id": {
					"type": "integer",
					"format": "int64"
				},
				"joinedAt": {
					"type": "string",
					"format": "date-time"
				},
				"name": {
					"type": "string"
				},
				"pollCount": {
					"type": "integer",
					"format": "int64"
				},
				"username": {
					"type": "string"
				},
				"voteCount": {
					"type": "integer",
					"format": "int64"
				}
			},
			"title": "UserProfile"
		},
		"UserSummary": {
			"type": "object",
			"properties": {
				"id": {
					"type": "integer",
					"format": "int64"
				},
				"name": {
					"type": "string"
				},
				"username": {
					"type": "string"
				}
			},
			"title": "UserSummary"
		},
		"VoteRequest": {
			"type": "object",
			"required": [
				"choiceId"
			],
			"properties": {
				"choiceId": {
					"type": "integer",
					"format": "int64"
				}
			},
			"title": "VoteRequest"
		}
	}
}